Unnamed: 0,is_vulnerable,appname
0,0,Bookstack
1,1,Bookstack
2,1,Bookstack
3,1,Bookstack
4,0,Bookstack
5,0,Bookstack
6,0,Bookstack
7,0,Bookstack
8,0,Bookstack
9,0,Bookstack
10,0,Bookstack
11,0,Bookstack
12,0,Bookstack
13,0,Bookstack
15,0,UVDesk
16,1,UVDesk
17,0,UVDesk
18,0,UVDesk
19,0,UVDesk
20,0,Concrete
21,1,Concrete
22,1,Concrete
23,0,Concrete
24,1,Concrete
25,0,Concrete
26,0,Concrete
27,0,Concrete
28,0,Concrete
29,0,Concrete
30,0,Concrete
31,0,Concrete
32,0,Concrete
33,0,Concrete
34,1,OwnCloud
35,1,OwnCloud
36,1,OwnCloud
37,0,OwnCloud
38,0,OwnCloud
39,1,OwnCloud
40,0,OwnCloud
41,1,OwnCloud
42,0,OwnCloud
43,1,OwnCloud
44,0,OwnCloud
45,0,OwnCloud
46,0,OwnCloud
47,0,OwnCloud
48,0,OwnCloud
49,0,OwnCloud
50,0,OwnCloud
51,0,OwnCloud
52,0,OwnCloud
53,1,OwnCloud
54,0,OwnCloud
55,0,OwnCloud
56,0,OwnCloud
57,1,OwnCloud
58,1,OwnCloud
59,1,OwnCloud
60,1,OwnCloud
61,1,OwnCloud
62,1,OwnCloud
63,1,OwnCloud
64,1,OwnCloud
65,1,OwnCloud
66,1,OwnCloud
67,1,OwnCloud
68,1,OwnCloud
69,1,OwnCloud
70,0,OwnCloud
71,1,OwnCloud
72,1,OwnCloud
73,1,OwnCloud
74,1,OwnCloud
75,1,OwnCloud
76,0,OwnCloud
77,0,OwnCloud
78,0,OwnCloud
79,0,OwnCloud
80,0,OwnCloud
81,0,OwnCloud
82,0,OwnCloud
83,0,OwnCloud
84,0,OwnCloud
85,0,OwnCloud
86,0,OwnCloud
87,0,OwnCloud
88,0,OwnCloud
89,0,OwnCloud
90,0,OwnCloud
91,0,OwnCloud
92,0,OwnCloud
93,0,OwnCloud
94,0,OwnCloud
95,0,OwnCloud
96,0,OwnCloud
97,0,OwnCloud
98,0,OwnCloud
99,0,OwnCloud
100,0,OwnCloud
101,0,OwnCloud
102,0,OwnCloud
103,0,OwnCloud
104,0,OwnCloud
105,0,OwnCloud
106,0,OwnCloud
107,0,OwnCloud
108,0,OwnCloud
109,0,OwnCloud
110,0,OwnCloud
111,0,OwnCloud
112,0,OwnCloud
113,0,OwnCloud
114,0,OwnCloud
115,0,OwnCloud
116,0,OwnCloud
117,0,OwnCloud
118,0,OwnCloud
119,0,OwnCloud
120,0,OwnCloud
121,0,OwnCloud
122,0,OwnCloud
123,0,OwnCloud
124,0,OwnCloud
125,0,OwnCloud
126,0,OwnCloud
127,0,OwnCloud
128,0,OwnCloud
129,0,OwnCloud
130,0,OwnCloud
131,0,OwnCloud
132,0,OwnCloud
133,0,OwnCloud
134,0,OwnCloud
135,0,OwnCloud
136,0,OwnCloud
137,0,OwnCloud
138,0,OwnCloud
139,0,OwnCloud
140,0,OwnCloud
141,0,OwnCloud
142,0,OwnCloud
143,0,OwnCloud
144,0,OwnCloud
145,0,OwnCloud
146,0,OwnCloud
147,0,OwnCloud
148,0,OwnCloud
149,0,OwnCloud
150,0,OwnCloud
151,0,OwnCloud
152,0,OwnCloud
153,0,OwnCloud
154,0,Espocrm
155,1,Espocrm
156,1,Espocrm
157,1,Espocrm
158,1,Espocrm
159,1,Espocrm
160,1,Espocrm
161,1,Espocrm
162,1,Espocrm
163,1,Espocrm
164,1,Espocrm
165,1,Espocrm
166,1,Espocrm
167,1,Espocrm
168,1,Espocrm
169,1,Espocrm
170,1,Espocrm
171,1,Espocrm
172,1,Espocrm
173,1,Espocrm
174,0,Espocrm
175,1,Espocrm
176,1,Espocrm
177,1,Espocrm
178,1,Espocrm
179,1,Espocrm
180,1,Espocrm
181,1,Espocrm
182,1,Espocrm
183,1,Espocrm
184,0,Espocrm
185,1,Espocrm
186,0,Espocrm
187,0,Espocrm
188,0,Espocrm
189,0,Espocrm
190,0,Espocrm
191,0,Espocrm
192,0,Espocrm
193,0,Espocrm
194,0,Espocrm
195,0,Espocrm
196,0,Espocrm
197,0,Espocrm
198,0,Espocrm
199,0,Espocrm
200,0,Espocrm
201,0,Espocrm
202,0,Espocrm
203,0,Espocrm
204,0,Espocrm
205,0,Espocrm
206,0,Espocrm
207,0,Espocrm
208,0,Espocrm
209,0,Espocrm
210,0,Espocrm
211,0,Espocrm
212,0,Espocrm
213,0,Espocrm
214,0,Espocrm
215,0,Espocrm
216,0,Espocrm
217,0,Espocrm
218,0,Espocrm
219,0,Espocrm
220,0,Espocrm
221,0,Espocrm
222,0,Espocrm
223,0,Espocrm
224,0,Espocrm
225,0,Espocrm
226,0,Espocrm
227,0,Espocrm
228,0,Espocrm
229,0,Espocrm
230,0,Espocrm
231,0,Espocrm
232,0,Espocrm
233,0,Espocrm
234,0,Espocrm
235,0,Espocrm
236,0,Espocrm
237,0,Espocrm
238,0,Espocrm
239,0,Espocrm
240,0,Espocrm
241,0,Espocrm
242,0,Espocrm
243,0,Espocrm
244,0,Espocrm
245,0,Espocrm
246,0,Espocrm
247,0,Espocrm
248,0,Espocrm
249,0,Espocrm
250,0,Espocrm
251,0,Espocrm
252,0,Espocrm
253,0,Espocrm
254,0,Espocrm
255,0,Espocrm
256,0,Espocrm
257,0,Espocrm
258,0,Espocrm
259,0,Espocrm
260,0,Espocrm
261,0,Espocrm
262,0,Espocrm
263,0,Espocrm
264,0,Espocrm
265,0,Espocrm
266,0,Espocrm
267,0,Espocrm
268,0,Espocrm
269,0,Espocrm
270,0,Espocrm
271,0,Espocrm
272,0,Espocrm
273,0,Filegator
274,0,Filegator
275,1,Filegator
276,0,Filegator
277,0,Filegator
278,0,Filegator
279,0,Flarum
280,1,Flarum
281,1,Flarum
282,0,Flarum
283,0,Flarum
284,1,Flarum
285,0,Flarum
286,0,Flarum
287,0,Flarum
288,0,Flarum
289,0,Flarum
290,0,Flarum
291,0,Flarum
292,0,Flarum
293,0,Flarum
294,0,Friendica
295,1,Friendica
296,1,Friendica
297,1,Friendica
298,1,Friendica
299,1,Friendica
300,1,Friendica
301,1,Friendica
302,1,Friendica
303,1,Friendica
304,1,Friendica
305,1,Friendica
306,0,Friendica
307,0,Friendica
308,0,Friendica
309,0,Friendica
310,0,Friendica
311,0,Friendica
312,0,Friendica
313,0,Friendica
314,0,Friendica
315,0,Friendica
316,0,Friendica
317,0,Friendica
318,0,Friendica
319,0,Friendica
320,0,Friendica
321,0,Friendica
322,0,Friendica
323,0,Friendica
324,0,Friendica
325,0,Friendica
326,0,Friendica
327,0,Friendica
328,0,Friendica
329,0,Friendica
330,0,Friendica
331,0,Friendica
332,0,Friendica
333,0,Friendica
334,0,Friendica
335,0,Friendica
336,0,Friendica
337,0,Friendica
338,0,Friendica
339,0,Hestia
340,0,Hestia
341,1,Hestia
342,1,Hestia
343,1,Hestia
344,1,Hestia
345,1,Hestia
346,1,Hestia
347,1,Hestia
348,1,Hestia
349,1,Hestia
350,1,Hestia
351,1,Hestia
352,1,Hestia
353,1,Hestia
354,1,Hestia
355,1,Hestia
356,1,Hestia
357,1,Hestia
358,1,Hestia
359,1,Hestia
360,1,Hestia
361,1,Hestia
362,1,Hestia
363,1,Hestia
364,1,Hestia
365,1,Hestia
366,1,Hestia
367,1,Hestia
368,1,Hestia
369,1,Hestia
370,1,Hestia
371,1,Hestia
372,1,Hestia
373,1,Hestia
374,1,Hestia
375,1,Hestia
376,1,Hestia
377,1,Hestia
378,1,Hestia
379,1,Hestia
380,1,Hestia
381,1,Hestia
382,1,Hestia
383,1,Hestia
384,0,Hestia
385,1,Hestia
386,1,Hestia
387,1,Hestia
388,1,Hestia
389,1,Hestia
390,1,Hestia
391,1,Hestia
392,1,Hestia
393,1,Hestia
394,1,Hestia
395,1,Hestia
396,1,Hestia
397,1,Hestia
398,0,Hestia
399,0,Hestia
400,1,Hestia
401,1,Hestia
402,1,Vesta
403,1,Hestia
404,1,Hestia
405,1,Hestia
406,1,Hestia
407,1,Hestia
408,1,Hestia
409,1,Hestia
410,1,Hestia
411,1,Hestia
412,0,Hestia
413,1,Hestia
414,1,Hestia
415,0,Hestia
416,1,Hestia
417,1,Hestia
418,1,Hestia
419,0,Hestia
420,0,Hestia
421,0,Hestia
422,1,Hestia
423,0,Hestia
424,1,Hestia
425,1,Hestia
426,1,Hestia
427,0,Hestia
428,1,Hestia
429,1,Hestia
430,1,Hestia
431,0,Hestia
432,0,Hestia
433,0,Hestia
434,0,Hestia
435,0,Hestia
436,0,Hestia
437,0,Hestia
438,0,Hestia
439,0,Hestia
440,0,Hestia
441,0,Hestia
442,0,Hestia
443,0,Hestia
444,0,Hestia
445,0,Hestia
446,0,Hestia
447,0,Hestia
448,0,Hestia
449,0,Hestia
450,0,Hestia
451,0,Hestia
452,0,Hestia
453,0,Hestia
454,0,Hestia
455,0,Hestia
456,0,Hestia
457,0,Hestia
458,0,Hestia
459,0,Hestia
460,0,Hestia
461,0,Hestia
462,0,Hestia
463,0,Hestia
464,0,Hestia
465,0,Hestia
466,0,Hestia
467,0,Hestia
468,0,Hestia
469,0,Hestia
470,0,Hestia
471,0,Hestia
472,0,Hestia
473,0,Hestia
474,0,Hestia
475,0,Hestia
476,0,Hestia
477,0,Hestia
478,0,Hestia
479,0,Hestia
480,0,Hestia
481,0,Hestia
482,0,Hestia
483,0,Hestia
484,0,Hestia
485,0,Hestia
486,0,Hestia
487,0,Hestia
488,0,Hestia
489,0,Hestia
490,0,Hestia
491,0,Hestia
492,0,Hestia
493,0,Hestia
494,0,Hestia
495,0,Hestia
496,0,Hestia
497,0,Hestia
498,0,Hestia
499,0,Hestia
500,0,Hestia
501,0,Hestia
502,0,Hestia
503,0,Hestia
504,0,Hestia
505,0,Hestia
506,0,Hestia
507,0,Hestia
508,0,Hestia
509,0,Hestia
510,0,Hestia
511,0,Hestia
512,0,Hestia
513,0,Hestia
514,0,Hestia
515,0,Hestia
516,0,Hestia
517,0,Hestia
518,0,Hestia
519,0,Hestia
520,0,Hestia
521,0,Hestia
522,0,Hestia
523,0,Hestia
524,0,Hestia
525,0,Hestia
526,0,Hestia
527,0,Hestia
528,0,Hestia
529,0,Hestia
530,0,Hestia
531,0,Hestia
532,0,Hestia
533,0,Hestia
534,0,Hestia
535,0,Hestia
536,0,Hestia
537,0,Hestia
538,0,Hestia
539,0,Hestia
540,0,Hestia
541,0,Hestia
542,0,Hestia
543,0,Hestia
544,0,Hestia
545,0,Hestia
546,0,Hestia
547,0,Hestia
548,0,Hestia
549,0,Hestia
550,0,Hestia
551,0,Hestia
552,0,Hestia
553,1,Hestia
554,0,Hestia
555,0,Hestia
556,0,Hestia
557,0,Hestia
558,0,Hestia
559,0,Hestia
560,0,Hestia
561,0,Hestia
562,0,Hestia
563,0,Hestia
564,0,Hestia
565,0,Hestia
566,0,Hestia
567,0,Hestia
568,0,Hestia
569,0,Hestia
570,0,Hestia
571,0,Hestia
572,0,Hestia
573,0,Hestia
574,0,Hestia
575,0,Hestia
576,0,Hestia
577,0,Hestia
578,0,Hestia
579,0,Hestia
580,0,Hestia
581,0,Hestia
582,0,Hestia
583,0,Hestia
584,0,Hestia
585,0,Hestia
586,0,Hestia
587,0,Hestia
588,0,Hestia
589,0,Hestia
590,0,Hestia
591,0,Hestia
592,0,Hestia
593,0,Hestia
594,0,Hestia
595,0,Hestia
596,0,Hestia
597,0,Hestia
598,0,Hestia
599,0,Hestia
600,0,Hestia
601,0,Hestia
602,0,Hestia
603,0,Hestia
604,0,Hestia
605,0,Hestia
606,0,Hestia
607,0,Hestia
608,0,Hestia
609,0,Hestia
610,0,Hestia
611,0,Hestia
612,0,Hestia
613,0,Hestia
614,0,Hestia
615,0,Hestia
616,0,Hestia
617,0,Hestia
618,0,Hestia
619,0,Hestia
620,0,Hestia
621,0,Hestia
622,0,Hestia
623,0,Hestia
624,0,Hestia
625,0,Hestia
626,0,Hestia
627,0,Hestia
628,0,Hestia
629,0,Hestia
630,0,Hestia
631,0,Hestia
632,0,Hestia
633,0,Hestia
634,0,Hestia
635,0,Hestia
636,0,Hestia
637,0,Hestia
638,0,Hestia
639,0,Hestia
640,0,Hestia
641,0,Hestia
642,0,Hestia
643,0,Hestia
644,0,Hestia
645,0,Hestia
646,0,Hestia
647,0,Hestia
648,0,Hestia
649,0,Hestia
650,0,Hestia
651,0,Hestia
652,0,Hestia
653,0,Hestia
654,0,Hestia
655,0,Hestia
656,0,Hestia
657,0,Hestia
658,0,Hestia
659,0,Hestia
660,0,Hestia
661,0,Hestia
662,0,Hestia
663,0,Hestia
664,0,Hestia
665,0,Hestia
666,0,Hestia
667,0,Hestia
668,0,Hestia
669,0,Hestia
670,0,HumHub
671,1,HumHub
672,1,HumHub
673,1,HumHub
674,1,HumHub
675,1,HumHub
676,1,HumHub
677,0,HumHub
678,1,HumHub
679,1,HumHub
680,1,HumHub
681,0,HumHub
682,0,HumHub
683,1,HumHub
684,1,HumHub
685,0,HumHub
686,0,HumHub
687,0,HumHub
688,0,HumHub
689,0,HumHub
690,0,HumHub
691,0,HumHub
692,0,HumHub
693,0,HumHub
694,0,HumHub
695,0,HumHub
696,0,HumHub
697,0,HumHub
698,0,HumHub
699,0,HumHub
700,0,HumHub
701,0,HumHub
702,0,HumHub
703,0,HumHub
704,0,HumHub
705,0,HumHub
706,0,HumHub
707,0,HumHub
708,0,HumHub
709,0,HumHub
710,0,HumHub
711,0,HumHub
712,0,HumHub
713,0,HumHub
714,0,HumHub
715,0,HumHub
716,0,HumHub
717,0,InvoiceNinja
718,1,InvoiceNinja
719,1,InvoiceNinja
720,0,InvoiceNinja
721,0,InvoiceNinja
722,0,InvoiceNinja
723,0,InvoiceNinja
724,0,InvoiceNinja
725,0,InvoiceNinja
726,1,Kanboard
727,1,Kanboard
728,1,Kanboard
729,0,Kanboard
730,0,Kanboard
731,1,Kanboard
732,1,Kanboard
733,1,Kanboard
734,1,Kanboard
735,1,Kanboard
736,1,Kanboard
737,1,Kanboard
738,1,Kanboard
739,1,Kanboard
740,1,Kanboard
741,1,Kanboard
742,1,Kanboard
743,1,Kanboard
744,1,Kanboard
745,1,Kanboard
746,1,Kanboard
747,1,Kanboard
748,1,Kanboard
749,1,Kanboard
750,1,Kanboard
751,0,Kanboard
752,1,Kanboard
753,1,Kanboard
754,0,Kanboard
755,1,Kanboard
756,1,Kanboard
757,1,Kanboard
758,0,Kanboard
759,0,Kanboard
760,1,Kanboard
761,1,Kanboard
762,1,Kanboard
763,1,Kanboard
764,0,Kanboard
765,1,Kanboard
766,1,Kanboard
767,0,Kanboard
768,1,Kanboard
769,1,Kanboard
770,1,Kanboard
771,0,Kanboard
772,1,Kanboard
773,0,Kanboard
774,0,Kanboard
775,0,Kanboard
776,0,Kanboard
777,0,Kanboard
778,0,Kanboard
779,0,Kanboard
780,0,Kanboard
781,0,Kanboard
782,0,Kanboard
783,0,Kanboard
784,0,Kanboard
785,0,Kanboard
786,0,Kanboard
787,0,Kanboard
788,0,Kanboard
789,0,Kanboard
790,0,Kanboard
791,0,Kanboard
792,0,Kanboard
793,0,Kanboard
794,0,Kanboard
795,0,Kanboard
796,0,Kanboard
797,0,Kanboard
798,0,Kanboard
799,0,Kanboard
800,0,Kanboard
801,0,Kanboard
802,0,Kanboard
803,0,Kanboard
804,0,Kanboard
805,0,Kanboard
806,0,Kanboard
807,0,Kanboard
808,0,Kanboard
809,0,Kanboard
810,0,Kanboard
811,0,Kanboard
812,0,Kanboard
813,0,Kanboard
814,0,Kanboard
815,0,Kanboard
816,0,Kanboard
817,0,Kanboard
818,0,Kanboard
819,0,Kanboard
820,0,Kanboard
821,0,Kanboard
822,0,Kanboard
823,0,Kanboard
824,0,Kanboard
825,0,Kanboard
826,0,Kanboard
827,0,Kanboard
828,0,Kanboard
829,0,Kanboard
830,0,Kanboard
831,0,Kanboard
832,0,Kanboard
833,0,Kanboard
834,0,Kanboard
835,0,Kanboard
836,0,Kanboard
837,0,Kanboard
838,0,Kanboard
839,0,Kanboard
840,0,Kanboard
841,0,Kanboard
842,0,Kanboard
843,0,Kanboard
844,0,Kanboard
845,0,Kanboard
846,0,Kanboard
847,0,Kanboard
848,0,Kanboard
849,0,Kanboard
850,0,Kanboard
851,0,Kanboard
852,0,Kanboard
853,0,Kanboard
854,0,Kanboard
855,0,Kanboard
856,0,Kanboard
857,0,Kanboard
858,0,Kanboard
859,0,Kanboard
860,0,Kanboard
861,0,Kanboard
862,0,Kanboard
863,0,Kanboard
864,0,Kanboard
865,0,Kanboard
866,0,Kanboard
867,0,Kanboard
868,0,Kanboard
869,0,Kanboard
870,0,Kanboard
871,0,Kanboard
872,0,Kanboard
873,0,Kanboard
874,0,Kanboard
875,0,Kanboard
876,0,Kanboard
877,0,Kanboard
878,0,Kanboard
879,0,Kanboard
880,0,Kanboard
881,0,Kanboard
882,0,Kanboard
883,0,Kanboard
884,0,Kimai
885,1,Kimai
886,1,Kimai
887,1,Kimai
888,1,Kimai
889,1,Kimai
890,1,Kimai
891,1,Kimai
892,1,Kimai
893,1,Kimai
894,1,Kimai
895,1,Kimai
896,1,Kimai
897,1,Kimai
898,1,Kimai
899,1,Kimai
900,1,Kimai
901,1,Kimai
902,1,Kimai
903,1,Kimai
904,1,Kimai
905,1,Kimai
906,1,Kimai
907,1,Kimai
908,1,Kimai
909,1,Kimai
910,0,Kimai
911,1,Kimai
912,1,Kimai
913,1,Kimai
914,1,Kimai
915,0,Kimai
916,1,Kimai
917,1,Kimai
918,0,Kimai
919,1,Kimai
920,1,Kimai
921,1,Kimai
922,1,Kimai
923,1,Kimai
924,1,Kimai
925,1,Kimai
926,1,Kimai
927,1,Kimai
928,1,Kimai
929,1,Kimai
930,0,Kimai
931,1,Kimai
932,1,Kimai
933,0,Kimai
934,1,Kimai
935,1,Kimai
936,0,Kimai
937,0,Kimai
938,0,Kimai
939,0,Kimai
940,0,Kimai
941,0,Kimai
942,0,Kimai
943,0,Kimai
944,0,Kimai
945,0,Kimai
946,0,Kimai
947,0,Kimai
948,0,Kimai
949,0,Kimai
950,0,Kimai
951,0,Kimai
952,0,Kimai
953,0,Kimai
954,0,Kimai
955,0,Kimai
956,0,Kimai
957,0,Kimai
958,0,Kimai
959,0,Kimai
960,0,Kimai
961,0,Kimai
962,0,Kimai
963,0,Kimai
964,0,Kimai
965,0,Kimai
966,0,Kimai
967,0,Kimai
968,0,Kimai
969,0,Kimai
970,0,Kimai
971,0,Kimai
972,0,Kimai
973,0,Kimai
974,0,Kimai
975,0,Kimai
976,0,Kimai
977,0,Kimai
978,0,Kimai
979,0,Kimai
980,0,Kimai
981,0,Kimai
982,0,Kimai
983,0,Kimai
984,0,Kimai
985,0,Kimai
986,0,Kimai
987,0,Kimai
988,0,Kimai
989,0,Kimai
990,0,Kimai
991,0,Kimai
992,0,Kimai
993,0,Kimai
994,0,Kimai
995,0,Kimai
996,0,Kimai
997,0,Kimai
998,0,Kimai
999,0,Kimai
1000,0,Kimai
1001,0,Kimai
1002,0,Kimai
1003,0,Kimai
1004,0,Kimai
1005,0,Kimai
1006,0,Kimai
1007,0,Kimai
1008,0,Kimai
1009,0,Kimai
1010,0,Kimai
1011,0,Kimai
1012,0,Kimai
1013,0,Kimai
1014,0,Kimai
1015,0,Kimai
1016,0,Kimai
1017,0,Kimai
1018,0,Kimai
1019,0,Kimai
1020,0,Kimai
1021,0,Kimai
1022,0,Kimai
1023,0,Kimai
1024,0,Kimai
1025,0,Kimai
1026,0,Kimai
1027,0,Kimai
1028,0,Kimai
1029,0,Kimai
1030,0,Kimai
1031,0,Kimai
1032,0,Kimai
1033,0,Kimai
1034,0,Kimai
1035,0,Kimai
1036,0,Kimai
1037,0,Kimai
1038,0,Kimai
1039,0,Kimai
1040,0,Kimai
1041,0,Kimai
1042,0,Kimai
1043,0,Kimai
1044,0,Kimai
1045,0,Kimai
1046,0,Kimai
1047,0,Kimai
1048,0,Kimai
1049,0,Kimai
1050,0,Kimai
1051,0,Kimai
1052,0,Kimai
1053,0,Kimai
1054,0,Kimai
1055,0,Kimai
1056,0,Kimai
1057,0,Kimai
1058,0,Kimai
1059,0,Kimai
1060,0,Kimai
1061,0,Kimai
1062,0,Kimai
1063,0,Kimai
1064,0,Kimai
1065,0,Kimai
1066,0,Kimai
1067,0,Kimai
1068,0,Kimai
1069,0,Kimai
1070,0,Kimai
1071,0,Krayin
1072,1,Krayin
1073,1,Krayin
1074,1,Krayin
1075,0,Krayin
1076,0,Krayin
1077,0,Krayin
1078,0,Krayin
1079,0,Krayin
1080,0,Krayin
1081,0,Krayin
1082,0,Krayin
1083,0,Microweber
1084,1,Microweber
1085,1,Microweber
1086,1,Microweber
1087,1,Microweber
1088,1,Microweber
1089,1,Microweber
1090,0,Microweber
1091,1,Microweber
1092,0,Microweber
1093,1,Microweber
1094,1,Microweber
1095,0,Microweber
1096,1,Microweber
1097,0,Microweber
1098,1,Microweber
1099,0,Microweber
1100,1,Microweber
1101,1,Microweber
1102,0,Microweber
1103,1,Microweber
1104,0,Microweber
1105,0,Microweber
1106,1,Microweber
1107,0,Microweber
1108,1,Microweber
1109,1,Microweber
1110,1,Microweber
1111,0,Microweber
1112,0,Microweber
1113,1,Microweber
1114,1,Microweber
1115,0,Microweber
1116,1,Microweber
1117,0,Microweber
1118,1,Microweber
1119,0,Microweber
1120,0,Microweber
1121,1,Microweber
1122,0,Microweber
1123,1,Microweber
1124,0,Microweber
1125,1,Microweber
1126,1,Microweber
1127,1,Microweber
1128,1,Microweber
1129,1,Microweber
1130,1,Microweber
1131,1,Microweber
1132,1,Microweber
1133,1,Microweber
1134,0,Microweber
1135,1,Microweber
1136,0,Microweber
1137,1,Microweber
1138,1,Microweber
1139,0,Microweber
1140,1,Microweber
1141,0,Microweber
1142,1,Microweber
1143,0,Microweber
1144,1,Microweber
1145,0,Microweber
1146,0,Microweber
1147,1,Microweber
1148,1,Microweber
1149,0,Microweber
1150,0,Microweber
1151,1,Microweber
1152,1,Microweber
1153,1,Microweber
1154,1,Microweber
1155,1,Microweber
1156,0,Microweber
1157,0,Microweber
1158,1,Microweber
1159,0,Microweber
1160,1,Microweber
1161,1,Microweber
1162,0,Microweber
1163,0,Microweber
1164,1,Microweber
1165,0,Microweber
1166,1,Microweber
1167,1,Microweber
1168,1,Microweber
1169,0,Microweber
1170,1,Microweber
1171,1,Microweber
1172,1,Microweber
1173,1,Microweber
1174,1,Microweber
1175,1,Microweber
1176,1,Microweber
1177,1,Microweber
1178,1,Microweber
1179,1,Microweber
1180,1,Microweber
1181,0,Microweber
1182,1,Microweber
1183,0,Microweber
1184,1,Microweber
1185,1,Microweber
1186,0,Microweber
1187,1,Microweber
1188,0,Microweber
1189,0,Microweber
1190,1,Microweber
1191,1,Microweber
1192,0,Microweber
1193,1,Microweber
1194,1,Microweber
1195,1,Microweber
1196,1,Microweber
1197,1,Microweber
1198,0,Microweber
1199,1,Microweber
1200,1,Microweber
1201,1,Microweber
1202,1,Microweber
1203,1,Microweber
1204,0,Microweber
1205,1,Microweber
1206,0,Microweber
1207,0,Microweber
1208,1,Microweber
1209,0,Microweber
1210,1,Microweber
1211,1,Microweber
1212,0,Microweber
1213,1,Microweber
1214,0,Microweber
1215,0,Microweber
1216,1,Microweber
1217,0,Microweber
1218,1,Microweber
1219,0,Microweber
1220,1,Microweber
1221,1,Microweber
1222,1,Microweber
1223,0,Microweber
1224,1,Microweber
1225,1,Microweber
1226,0,Microweber
1227,0,Microweber
1228,1,Microweber
1229,0,Microweber
1230,1,Microweber
1231,1,Microweber
1232,1,Microweber
1233,1,Microweber
1234,1,Microweber
1235,1,Microweber
1236,1,Microweber
1237,1,Microweber
1238,1,Microweber
1239,1,Microweber
1240,1,Microweber
1241,0,Microweber
1242,1,Microweber
1243,0,Microweber
1244,1,Microweber
1245,1,Microweber
1246,0,Microweber
1247,1,Microweber
1248,0,Microweber
1249,1,Microweber
1250,0,Microweber
1251,0,Microweber
1252,0,Microweber
1253,1,Microweber
1254,1,Microweber
1255,1,Microweber
1256,1,Microweber
1257,1,Microweber
1258,0,Microweber
1259,1,Microweber
1260,0,Microweber
1261,1,Microweber
1262,0,Microweber
1263,0,Microweber
1264,1,Microweber
1265,1,Microweber
1266,1,Microweber
1267,1,Microweber
1268,0,Microweber
1269,1,Microweber
1270,1,Microweber
1271,1,Microweber
1272,1,Microweber
1273,1,Microweber
1274,1,Microweber
1275,1,Microweber
1276,1,Microweber
1277,1,Microweber
1278,1,Microweber
1279,1,Microweber
1280,0,Microweber
1281,1,Microweber
1282,0,Microweber
1283,0,Microweber
1284,1,Microweber
1285,1,Microweber
1286,1,Microweber
1287,0,Microweber
1288,1,Microweber
1289,1,Microweber
1290,0,Microweber
1291,1,Microweber
1292,1,Microweber
1293,1,Microweber
1294,1,Microweber
1295,1,Microweber
1296,0,Microweber
1297,1,Microweber
1298,0,Microweber
1299,0,Microweber
1300,0,Microweber
1301,0,Microweber
1302,0,Microweber
1303,0,Microweber
1304,0,Microweber
1305,0,Microweber
1306,0,Microweber
1307,0,Microweber
1308,0,Microweber
1309,0,Microweber
1310,0,Microweber
1311,0,Microweber
1312,0,Microweber
1313,0,Microweber
1314,0,Microweber
1315,0,Microweber
1316,0,Microweber
1317,0,Microweber
1318,0,Microweber
1319,0,Microweber
1320,0,Microweber
1321,0,Microweber
1322,0,Microweber
1323,0,Microweber
1324,0,Microweber
1325,0,Microweber
1326,0,Microweber
1327,0,Microweber
1328,0,Microweber
1329,0,Microweber
1330,0,Microweber
1331,0,Microweber
1332,0,Microweber
1333,0,Microweber
1334,0,Microweber
1335,0,Microweber
1336,0,Microweber
1337,0,Microweber
1338,0,Microweber
1339,0,Microweber
1340,0,Microweber
1341,0,Microweber
1342,0,Microweber
1343,0,Microweber
1344,0,Microweber
1345,0,Microweber
1346,0,Microweber
1347,0,Microweber
1348,0,Microweber
1349,0,Microweber
1350,0,Microweber
1351,0,Microweber
1352,0,Microweber
1353,0,Microweber
1354,0,Microweber
1355,0,Microweber
1356,0,Microweber
1357,0,Microweber
1358,0,Microweber
1359,0,Microweber
1360,0,Microweber
1361,0,Microweber
1362,0,Microweber
1363,0,Microweber
1364,0,Microweber
1365,0,Microweber
1366,0,Microweber
1367,0,Microweber
1368,0,Microweber
1369,0,Microweber
1370,0,Microweber
1371,0,Microweber
1372,0,Microweber
1373,0,Microweber
1374,0,Microweber
1375,0,Microweber
1376,0,Microweber
1377,0,Microweber
1378,0,Microweber
1379,0,Microweber
1380,0,Microweber
1381,0,Microweber
1382,0,Microweber
1383,0,Microweber
1384,0,Microweber
1385,0,Microweber
1386,0,Microweber
1387,0,Microweber
1388,0,Microweber
1389,0,Microweber
1390,0,Microweber
1391,0,Microweber
1392,0,Microweber
1393,0,Microweber
1394,0,Microweber
1395,0,Microweber
1396,0,Microweber
1397,0,Microweber
1398,0,Microweber
1399,0,Microweber
1400,0,Microweber
1401,0,Microweber
1402,0,Microweber
1403,0,Microweber
1404,0,Microweber
1405,0,Microweber
1406,0,Microweber
1407,0,Microweber
1408,0,Microweber
1409,0,Microweber
1410,0,Microweber
1411,0,Microweber
1412,0,Microweber
1413,0,Microweber
1414,0,Microweber
1415,0,Microweber
1416,0,Microweber
1417,0,Microweber
1418,0,Microweber
1419,0,Microweber
1420,0,Microweber
1421,0,Microweber
1422,0,Microweber
1423,0,Microweber
1424,0,Microweber
1425,0,Microweber
1426,0,Microweber
1427,0,Microweber
1428,0,Microweber
1429,0,Microweber
1430,0,Microweber
1431,0,Microweber
1432,0,Microweber
1433,0,Microweber
1434,0,Microweber
1435,0,Microweber
1436,0,Microweber
1437,0,Microweber
1438,0,Microweber
1439,0,Microweber
1440,0,Microweber
1441,0,Microweber
1442,0,Microweber
1443,0,Microweber
1444,0,Microweber
1445,0,Microweber
1446,0,Microweber
1447,0,Microweber
1448,0,Microweber
1449,0,Microweber
1450,0,Microweber
1451,0,Microweber
1452,0,Microweber
1453,0,Microweber
1454,0,Microweber
1455,0,Microweber
1456,0,Microweber
1457,0,Microweber
1458,0,Microweber
1459,0,Microweber
1460,0,Microweber
1461,0,Microweber
1462,0,Microweber
1463,0,Microweber
1464,0,Microweber
1465,0,Microweber
1466,0,Microweber
1467,0,Microweber
1468,0,Microweber
1469,0,Microweber
1470,0,Microweber
1471,0,Microweber
1472,0,Microweber
1473,0,Microweber
1474,0,Microweber
1475,0,Microweber
1476,0,Microweber
1477,0,Microweber
1478,0,Microweber
1479,0,Microweber
1480,0,Microweber
1481,0,Microweber
1482,0,Microweber
1483,0,Microweber
1484,0,Microweber
1485,0,Microweber
1486,0,Microweber
1487,0,Microweber
1488,0,Microweber
1489,0,Microweber
1490,0,Microweber
1491,0,Microweber
1492,0,Microweber
1493,0,Microweber
1494,0,Microweber
1495,0,Microweber
1496,0,Microweber
1497,0,Microweber
1498,0,Microweber
1499,0,Microweber
1500,0,Microweber
1501,0,Microweber
1502,0,Microweber
1503,0,Microweber
1504,0,Microweber
1505,0,Microweber
1506,0,Microweber
1507,0,Microweber
1508,0,Microweber
1509,0,Microweber
1510,0,Microweber
1511,0,Microweber
1512,0,Microweber
1513,0,Microweber
1514,0,Microweber
1515,0,Microweber
1516,0,Microweber
1517,0,Microweber
1518,0,Microweber
1519,0,Microweber
1520,0,Microweber
1521,0,Microweber
1522,0,Microweber
1523,0,Microweber
1524,0,Microweber
1525,0,Microweber
1526,0,Microweber
1527,0,Microweber
1528,0,Microweber
1529,0,Microweber
1530,0,Microweber
1531,0,Microweber
1532,0,Microweber
1533,0,Microweber
1534,0,Microweber
1535,0,Microweber
1536,0,Microweber
1537,0,Microweber
1538,0,Microweber
1539,0,Microweber
1540,0,Microweber
1541,0,Microweber
1542,0,Microweber
1543,0,Microweber
1544,0,Microweber
1545,0,Microweber
1546,0,Microweber
1547,0,Microweber
1548,0,Microweber
1549,0,Microweber
1550,0,Microweber
1551,0,Microweber
1552,0,Microweber
1553,0,Microweber
1554,0,Microweber
1555,0,Microweber
1556,0,Microweber
1557,0,Microweber
1558,0,Microweber
1559,0,Microweber
1560,0,Microweber
1561,0,Microweber
1562,0,Microweber
1563,0,Microweber
1564,0,Microweber
1565,0,Microweber
1566,0,Microweber
1567,0,Microweber
1568,0,Microweber
1569,0,Microweber
1570,0,Microweber
1571,0,Microweber
1572,0,Microweber
1573,0,Microweber
1574,0,Microweber
1575,0,Microweber
1576,0,Microweber
1577,0,Microweber
1578,0,Microweber
1579,0,Microweber
1580,0,Microweber
1581,0,Microweber
1582,0,Microweber
1583,0,Microweber
1584,0,Microweber
1585,0,Microweber
1586,0,Microweber
1587,0,Microweber
1588,0,Microweber
1589,0,Microweber
1590,0,Microweber
1591,0,Microweber
1592,0,Microweber
1593,0,Microweber
1594,0,Microweber
1595,0,Microweber
1596,0,Microweber
1597,0,Microweber
1598,0,Microweber
1599,0,Microweber
1600,0,Microweber
1601,0,Microweber
1602,0,Microweber
1603,0,Microweber
1604,0,Microweber
1605,0,Microweber
1606,0,Microweber
1607,0,Microweber
1608,0,Microweber
1609,0,Microweber
1610,0,Microweber
1611,0,Microweber
1612,0,Microweber
1613,0,Microweber
1614,0,Microweber
1615,0,Microweber
1616,0,Microweber
1617,0,Microweber
1618,0,Microweber
1619,0,Microweber
1620,0,Microweber
1621,0,Microweber
1622,0,Microweber
1623,0,Microweber
1624,0,Microweber
1625,0,Microweber
1626,0,Microweber
1627,0,Microweber
1628,0,Microweber
1629,0,Microweber
1630,0,Microweber
1631,0,Microweber
1632,0,Microweber
1633,0,Microweber
1634,0,Microweber
1635,0,Microweber
1636,0,Microweber
1637,0,Microweber
1638,0,Microweber
1639,0,Microweber
1640,0,Microweber
1641,0,Microweber
1642,0,Microweber
1643,0,Microweber
1644,0,Microweber
1645,0,Microweber
1646,0,Microweber
1647,0,Microweber
1648,0,Microweber
1649,0,Microweber
1650,0,Microweber
1651,0,Microweber
1652,0,Microweber
1653,0,Microweber
1654,0,Microweber
1655,0,Microweber
1656,0,Microweber
1657,0,Microweber
1658,0,Microweber
1659,0,Microweber
1660,0,Microweber
1661,0,Microweber
1662,0,Microweber
1663,0,Microweber
1664,0,Microweber
1665,0,Microweber
1666,0,Microweber
1667,0,Microweber
1668,0,Microweber
1669,0,Microweber
1670,0,Microweber
1671,0,Microweber
1672,0,Microweber
1673,0,Microweber
1674,0,Microweber
1675,0,Microweber
1676,0,Microweber
1677,0,Microweber
1678,0,Microweber
1679,0,Microweber
1680,0,Microweber
1681,0,Microweber
1682,0,Microweber
1683,0,Microweber
1684,0,Microweber
1685,0,Microweber
1686,0,Microweber
1687,0,Microweber
1688,0,Microweber
1689,0,Microweber
1690,0,Microweber
1691,0,Microweber
1692,0,Microweber
1693,0,Microweber
1694,0,Microweber
1695,0,Microweber
1696,0,Microweber
1697,0,Microweber
1698,0,Microweber
1699,0,Microweber
1700,0,Microweber
1701,0,Microweber
1702,0,Microweber
1703,0,Microweber
1704,0,Microweber
1705,0,Microweber
1706,0,Microweber
1707,0,Microweber
1708,0,Microweber
1709,0,Microweber
1710,0,Microweber
1711,0,Microweber
1712,0,Microweber
1713,0,Microweber
1714,0,Microweber
1715,0,Microweber
1716,0,Microweber
1717,0,Microweber
1718,0,Microweber
1719,0,Microweber
1720,0,Microweber
1721,0,Microweber
1722,0,Microweber
1723,0,Microweber
1724,0,Moodle
1725,1,Moodle
1726,0,Moodle
1727,0,Moodle
1728,0,Moodle
1729,0,MyBB
1730,1,MyBB
1731,1,MyBB
1732,1,MyBB
1733,1,MyBB
1734,1,MyBB
1735,0,MyBB
1736,1,MyBB
1737,1,MyBB
1738,1,MyBB
1739,0,MyBB
1740,0,MyBB
1741,1,MyBB
1742,1,MyBB
1743,1,MyBB
1744,1,MyBB
1745,1,MyBB
1746,1,MyBB
1747,0,MyBB
1748,1,MyBB
1749,1,MyBB
1750,0,MyBB
1751,0,MyBB
1752,0,MyBB
1753,0,MyBB
1754,0,MyBB
1755,0,MyBB
1756,0,MyBB
1757,0,MyBB
1758,0,MyBB
1759,0,MyBB
1760,0,MyBB
1761,0,MyBB
1762,0,MyBB
1763,0,MyBB
1764,0,MyBB
1765,0,MyBB
1766,0,MyBB
1767,0,MyBB
1768,0,MyBB
1769,0,MyBB
1770,0,MyBB
1771,0,MyBB
1772,0,MyBB
1773,0,MyBB
1774,0,MyBB
1775,0,MyBB
1776,0,MyBB
1777,0,MyBB
1778,0,MyBB
1779,0,MyBB
1780,0,MyBB
1781,0,MyBB
1782,0,MyBB
1783,0,MyBB
1784,0,MyBB
1785,0,MyBB
1786,0,MyBB
1787,0,MyBB
1788,0,MyBB
1789,0,MyBB
1790,0,MyBB
1791,0,MyBB
1792,0,MyBB
1793,0,MyBB
1794,0,MyBB
1795,0,MyBB
1796,0,MyBB
1797,0,MyBB
1798,0,MyBB
1799,0,MyBB
1800,0,MyBB
1801,0,MyBB
1802,0,MyBB
1803,0,MyBB
1804,1,NextCloud
1805,1,NextCloud
1806,1,NextCloud
1807,0,NextCloud
1808,0,NextCloud
1809,0,NextCloud
1810,0,NextCloud
1811,0,NextCloud
1812,0,NextCloud
1813,0,NextCloud
1814,1,NextCloud
1815,1,NextCloud
1816,0,NextCloud
1817,0,NextCloud
1818,1,NextCloud
1819,0,NextCloud
1820,1,NextCloud
1821,0,NextCloud
1822,0,NextCloud
1823,1,NextCloud
1824,0,NextCloud
1825,0,NextCloud
1826,0,NextCloud
1827,0,NextCloud
1828,1,NextCloud
1829,1,NextCloud
1830,1,NextCloud
1831,1,NextCloud
1832,1,NextCloud
1833,0,NextCloud
1834,1,NextCloud
1835,0,NextCloud
1836,1,NextCloud
1837,0,NextCloud
1838,1,NextCloud
1839,0,NextCloud
1840,0,NextCloud
1841,0,NextCloud
1842,0,NextCloud
1843,0,NextCloud
1844,0,NextCloud
1845,0,NextCloud
1846,0,NextCloud
1847,0,NextCloud
1848,0,NextCloud
1849,0,NextCloud
1850,0,NextCloud
1851,1,NextCloud
1852,0,NextCloud
1853,1,NextCloud
1854,0,NextCloud
1855,1,NextCloud
1856,1,NextCloud
1857,1,NextCloud
1858,1,NextCloud
1859,0,NextCloud
1860,0,NextCloud
1861,0,NextCloud
1862,1,NextCloud
1863,0,NextCloud
1864,1,NextCloud
1865,1,NextCloud
1866,1,NextCloud
1867,1,NextCloud
1868,1,NextCloud
1869,1,NextCloud
1870,0,NextCloud
1871,0,NextCloud
1872,0,NextCloud
1873,1,NextCloud
1874,0,NextCloud
1875,1,NextCloud
1876,1,NextCloud
1877,1,NextCloud
1878,0,NextCloud
1879,0,NextCloud
1880,0,NextCloud
1881,0,NextCloud
1882,0,NextCloud
1883,1,NextCloud
1884,0,NextCloud
1885,0,NextCloud
1886,0,NextCloud
1887,0,NextCloud
1888,0,NextCloud
1889,0,NextCloud
1890,0,NextCloud
1891,0,NextCloud
1892,0,NextCloud
1893,0,NextCloud
1894,0,NextCloud
1895,0,NextCloud
1896,0,NextCloud
1897,1,NextCloud
1898,1,NextCloud
1899,1,NextCloud
1900,1,NextCloud
1901,1,NextCloud
1902,1,NextCloud
1903,1,NextCloud
1904,1,NextCloud
1905,1,NextCloud
1906,1,NextCloud
1907,1,NextCloud
1908,0,NextCloud
1909,0,NextCloud
1910,0,NextCloud
1911,0,NextCloud
1912,0,NextCloud
1913,0,NextCloud
1914,0,NextCloud
1915,0,NextCloud
1916,0,NextCloud
1917,1,NextCloud
1918,0,NextCloud
1919,1,NextCloud
1920,1,NextCloud
1921,0,NextCloud
1922,1,NextCloud
1923,0,NextCloud
1924,0,NextCloud
1925,0,NextCloud
1926,0,NextCloud
1927,0,NextCloud
1928,0,NextCloud
1929,1,NextCloud
1930,1,NextCloud
1931,1,NextCloud
1932,0,NextCloud
1933,1,NextCloud
1934,0,NextCloud
1935,0,NextCloud
1936,0,NextCloud
1937,1,NextCloud
1938,0,NextCloud
1939,1,NextCloud
1940,0,NextCloud
1941,1,NextCloud
1942,1,NextCloud
1943,0,NextCloud
1944,1,NextCloud
1945,1,NextCloud
1946,0,NextCloud
1947,1,NextCloud
1948,0,NextCloud
1949,0,NextCloud
1950,1,NextCloud
1951,1,NextCloud
1952,1,NextCloud
1953,1,NextCloud
1954,0,NextCloud
1955,1,NextCloud
1956,0,NextCloud
1957,0,NextCloud
1958,0,NextCloud
1959,0,NextCloud
1960,0,NextCloud
1961,1,NextCloud
1962,1,NextCloud
1963,1,NextCloud
1964,0,NextCloud
1965,1,NextCloud
1966,1,NextCloud
1967,0,NextCloud
1968,1,NextCloud
1969,1,NextCloud
1970,0,NextCloud
1971,0,NextCloud
1972,0,NextCloud
1973,1,NextCloud
1974,0,NextCloud
1975,0,NextCloud
1976,1,NextCloud
1977,1,NextCloud
1978,1,NextCloud
1979,1,NextCloud
1980,1,NextCloud
1981,1,NextCloud
1982,1,NextCloud
1983,1,NextCloud
1984,1,NextCloud
1985,1,NextCloud
1986,1,NextCloud
1987,1,NextCloud
1988,1,NextCloud
1989,1,NextCloud
1990,0,NextCloud
1991,0,NextCloud
1992,1,NextCloud
1993,0,NextCloud
1994,1,NextCloud
1995,1,NextCloud
1996,0,NextCloud
1997,0,NextCloud
1998,0,NextCloud
1999,0,NextCloud
2000,0,NextCloud
2001,0,NextCloud
2002,0,NextCloud
2003,0,NextCloud
2004,0,NextCloud
2005,0,NextCloud
2006,0,NextCloud
2007,0,NextCloud
2008,0,NextCloud
2009,0,NextCloud
2010,0,NextCloud
2011,0,NextCloud
2012,0,NextCloud
2013,0,NextCloud
2014,0,NextCloud
2015,0,NextCloud
2016,0,NextCloud
2017,0,NextCloud
2018,0,NextCloud
2019,0,NextCloud
2020,0,NextCloud
2021,0,NextCloud
2022,0,NextCloud
2023,0,NextCloud
2024,0,NextCloud
2025,0,NextCloud
2026,0,NextCloud
2027,0,NextCloud
2028,0,NextCloud
2029,0,NextCloud
2030,0,NextCloud
2031,0,NextCloud
2032,0,NextCloud
2033,0,NextCloud
2034,0,NextCloud
2035,0,NextCloud
2036,0,NextCloud
2037,0,NextCloud
2038,0,NextCloud
2039,0,NextCloud
2040,0,NextCloud
2041,0,NextCloud
2042,0,NextCloud
2043,0,NextCloud
2044,0,NextCloud
2045,0,NextCloud
2046,0,NextCloud
2047,0,NextCloud
2048,0,NextCloud
2049,0,NextCloud
2050,0,NextCloud
2051,0,NextCloud
2052,0,NextCloud
2053,0,NextCloud
2054,0,NextCloud
2055,0,NextCloud
2056,0,NextCloud
2057,0,NextCloud
2058,0,NextCloud
2059,0,NextCloud
2060,0,NextCloud
2061,0,NextCloud
2062,0,NextCloud
2063,0,NextCloud
2064,0,NextCloud
2065,0,NextCloud
2066,0,NextCloud
2067,0,NextCloud
2068,0,NextCloud
2069,0,NextCloud
2070,0,NextCloud
2071,0,NextCloud
2072,0,NextCloud
2073,0,NextCloud
2074,0,NextCloud
2075,0,NextCloud
2076,0,NextCloud
2077,0,NextCloud
2078,0,NextCloud
2079,0,NextCloud
2080,0,NextCloud
2081,0,NextCloud
2082,0,NextCloud
2083,0,NextCloud
2084,0,NextCloud
2085,0,NextCloud
2086,0,NextCloud
2087,0,NextCloud
2088,0,NextCloud
2089,0,NextCloud
2090,0,NextCloud
2091,0,NextCloud
2092,0,NextCloud
2093,0,NextCloud
2094,0,NextCloud
2095,0,NextCloud
2096,0,NextCloud
2097,0,NextCloud
2098,0,NextCloud
2099,0,NextCloud
2100,0,NextCloud
2101,0,NextCloud
2102,0,NextCloud
2103,0,NextCloud
2104,0,NextCloud
2105,0,NextCloud
2106,0,NextCloud
2107,0,NextCloud
2108,0,NextCloud
2109,0,NextCloud
2110,0,NextCloud
2111,0,NextCloud
2112,0,NextCloud
2113,0,NextCloud
2114,0,NextCloud
2115,0,NextCloud
2116,0,NextCloud
2117,0,NextCloud
2118,0,NextCloud
2119,0,NextCloud
2120,0,NextCloud
2121,0,NextCloud
2122,0,NextCloud
2123,0,NextCloud
2124,0,NextCloud
2125,0,NextCloud
2126,0,NextCloud
2127,0,NextCloud
2128,0,NextCloud
2129,0,NextCloud
2130,0,NextCloud
2131,0,NextCloud
2132,0,NextCloud
2133,0,NextCloud
2134,0,NextCloud
2135,0,NextCloud
2136,0,NextCloud
2137,0,NextCloud
2138,0,NextCloud
2139,0,NextCloud
2140,0,NextCloud
2141,0,NextCloud
2142,0,NextCloud
2143,0,NextCloud
2144,0,NextCloud
2145,0,NextCloud
2146,0,NextCloud
2147,0,NextCloud
2148,0,NextCloud
2149,0,NextCloud
2150,0,NextCloud
2151,0,NextCloud
2152,0,NextCloud
2153,0,NextCloud
2154,0,NextCloud
2155,0,NextCloud
2156,0,NextCloud
2157,0,NextCloud
2158,0,NextCloud
2159,0,NextCloud
2160,0,NextCloud
2161,0,NextCloud
2162,0,NextCloud
2163,0,NextCloud
2164,0,NextCloud
2165,0,NextCloud
2166,0,NextCloud
2167,0,NextCloud
2168,0,NextCloud
2169,0,NextCloud
2170,0,NextCloud
2171,0,NextCloud
2172,0,NextCloud
2173,0,NextCloud
2174,0,NextCloud
2175,0,NextCloud
2176,0,NextCloud
2177,0,NextCloud
2178,0,NextCloud
2179,0,NextCloud
2180,0,NextCloud
2181,0,NextCloud
2182,0,NextCloud
2183,0,NextCloud
2184,0,NextCloud
2185,0,NextCloud
2186,0,NextCloud
2187,0,NextCloud
2188,0,NextCloud
2189,0,NextCloud
2190,0,NextCloud
2191,0,NextCloud
2192,0,NextCloud
2193,0,NextCloud
2194,0,NextCloud
2195,0,NextCloud
2196,0,NextCloud
2197,0,NextCloud
2198,0,NextCloud
2199,0,NextCloud
2200,0,NextCloud
2201,0,NextCloud
2202,0,NextCloud
2203,0,NextCloud
2204,0,NextCloud
2205,0,NextCloud
2206,0,NextCloud
2207,0,NextCloud
2208,0,NextCloud
2209,0,NextCloud
2210,0,NextCloud
2211,0,NextCloud
2212,0,NextCloud
2213,0,NextCloud
2214,0,NextCloud
2215,0,NextCloud
2216,0,NextCloud
2217,0,NextCloud
2218,0,NextCloud
2219,0,NextCloud
2220,0,NextCloud
2221,0,NextCloud
2222,0,NextCloud
2223,0,NextCloud
2224,0,NextCloud
2225,0,NextCloud
2226,0,NextCloud
2227,0,NextCloud
2228,0,NextCloud
2229,0,NextCloud
2230,0,NextCloud
2231,0,NextCloud
2232,0,NextCloud
2233,0,NextCloud
2234,0,NextCloud
2235,0,NextCloud
2236,0,NextCloud
2237,0,NextCloud
2238,0,NextCloud
2239,0,NextCloud
2240,0,NextCloud
2241,0,NextCloud
2242,0,NextCloud
2243,0,NextCloud
2244,0,NextCloud
2245,0,NextCloud
2246,0,NextCloud
2247,0,NextCloud
2248,0,NextCloud
2249,0,NextCloud
2250,0,NextCloud
2251,0,NextCloud
2252,0,NextCloud
2253,0,NextCloud
2254,0,NextCloud
2255,0,NextCloud
2256,0,NextCloud
2257,0,NextCloud
2258,0,NextCloud
2259,0,NextCloud
2260,0,NextCloud
2261,0,NextCloud
2262,0,NextCloud
2263,0,NextCloud
2264,0,NextCloud
2265,0,NextCloud
2266,0,NextCloud
2267,0,NextCloud
2268,0,NextCloud
2269,0,Opencart
2270,1,Opencart
2271,1,Opencart
2272,1,Opencart
2273,0,Opencart
2274,1,Opencart
2275,0,Opencart
2276,1,Opencart
2277,0,Opencart
2278,0,Opencart
2279,0,Opencart
2280,0,Opencart
2281,0,Opencart
2282,0,Opencart
2283,0,Opencart
2284,0,Opencart
2285,0,Opencart
2286,0,Opencart
2287,0,Opencart
2288,0,Opencart
2289,0,Opencart
2290,0,Opencart
2291,0,Opencart
2292,1,pfSense
2293,0,pfSense
2294,1,pfSense
2295,0,pfSense
2296,1,pfSense
2297,1,pfSense
2298,1,pfSense
2299,1,pfSense
2300,0,pfSense
2301,1,pfSense
2302,0,pfSense
2303,1,pfSense
2304,1,pfSense
2305,1,pfSense
2306,1,pfSense
2307,1,pfSense
2308,0,pfSense
2309,1,pfSense
2310,1,pfSense
2311,1,pfSense
2312,0,pfSense
2313,1,pfSense
2314,0,pfSense
2315,1,pfSense
2316,1,pfSense
2317,0,pfSense
2318,1,pfSense
2319,0,pfSense
2320,0,pfSense
2321,0,pfSense
2322,0,pfSense
2323,0,pfSense
2324,0,pfSense
2325,0,pfSense
2326,0,pfSense
2327,0,pfSense
2328,0,pfSense
2329,0,pfSense
2330,0,pfSense
2331,0,pfSense
2332,0,pfSense
2333,0,pfSense
2334,0,pfSense
2335,0,pfSense
2336,0,pfSense
2337,0,pfSense
2338,0,pfSense
2339,0,pfSense
2340,0,pfSense
2341,0,pfSense
2342,0,pfSense
2343,0,pfSense
2344,0,pfSense
2345,0,pfSense
2346,0,pfSense
2347,0,pfSense
2348,0,pfSense
2349,0,pfSense
2350,0,pfSense
2351,0,pfSense
2352,0,pfSense
2353,0,pfSense
2354,0,pfSense
2355,0,pfSense
2356,0,pfSense
2357,0,pfSense
2358,0,pfSense
2359,0,pfSense
2360,0,pfSense
2361,0,pfSense
2362,0,pfSense
2363,0,pfSense
2364,0,pfSense
2365,0,pfSense
2366,0,pfSense
2367,0,pfSense
2368,0,pfSense
2369,0,pfSense
2370,0,pfSense
2371,0,pfSense
2372,0,pfSense
2373,0,pfSense
2374,0,pfSense
2375,0,pfSense
2376,0,pfSense
2377,0,pfSense
2378,0,pfSense
2379,0,phpBB
2380,0,phpBB
2381,0,phpBB
2382,1,phpBB
2383,0,phpBB
2384,0,phpBB
2385,0,phpBB
2386,0,phpBB
2387,0,phpBB
2388,0,phpBB
2389,0,Pimcore
2390,1,Pimcore
2391,1,Pimcore
2392,0,Pimcore
2393,1,Pimcore
2394,0,Pimcore
2395,1,Pimcore
2396,1,Pimcore
2397,0,Pimcore
2398,1,Pimcore
2399,0,Pimcore
2400,1,Pimcore
2401,1,Pimcore
2402,1,Pimcore
2403,0,Pimcore
2404,0,Pimcore
2405,0,Pimcore
2406,1,Pimcore
2407,0,Pimcore
2408,1,Pimcore
2409,1,Pimcore
2410,0,Pimcore
2411,1,Pimcore
2412,1,Pimcore
2413,1,Pimcore
2414,1,Pimcore
2415,0,Pimcore
2416,1,Pimcore
2417,1,Pimcore
2418,1,Pimcore
2419,0,Pimcore
2420,1,Pimcore
2421,1,Pimcore
2422,0,Pimcore
2423,1,Pimcore
2424,1,Pimcore
2425,1,Pimcore
2426,0,Pimcore
2427,0,Pimcore
2428,1,Pimcore
2429,1,Pimcore
2430,1,Pimcore
2431,1,Pimcore
2432,1,Pimcore
2433,1,Pimcore
2434,0,Pimcore
2435,1,Pimcore
2436,1,Pimcore
2437,0,Pimcore
2438,1,Pimcore
2439,0,Pimcore
2440,1,Pimcore
2441,1,Pimcore
2442,0,Pimcore
2443,1,Pimcore
2444,0,Pimcore
2445,0,Pimcore
2446,0,Pimcore
2447,1,Pimcore
2448,1,Pimcore
2449,1,Pimcore
2450,1,Pimcore
2451,1,Pimcore
2452,1,Pimcore
2453,1,Pimcore
2454,1,Pimcore
2455,0,Pimcore
2456,1,Pimcore
2457,0,Pimcore
2458,1,Pimcore
2459,1,Pimcore
2460,0,Pimcore
2461,1,Pimcore
2462,0,Pimcore
2463,1,Pimcore
2464,0,Pimcore
2465,1,Pimcore
2466,1,Pimcore
2467,0,Pimcore
2468,1,Pimcore
2469,1,Pimcore
2470,0,Pimcore
2471,1,Pimcore
2472,1,Pimcore
2473,1,Pimcore
2474,1,Pimcore
2475,1,Pimcore
2476,1,Pimcore
2477,1,Pimcore
2478,1,Pimcore
2479,1,Pimcore
2480,0,Pimcore
2481,1,Pimcore
2482,1,Pimcore
2483,1,Pimcore
2484,0,Pimcore
2485,1,Pimcore
2486,1,Pimcore
2487,1,Pimcore
2488,1,Pimcore
2489,1,Pimcore
2490,0,Pimcore
2491,1,Pimcore
2492,1,Pimcore
2493,0,Pimcore
2494,0,Pimcore
2495,1,Pimcore
2496,1,Pimcore
2497,0,Pimcore
2498,0,Pimcore
2499,1,Pimcore
2500,0,Pimcore
2501,1,Pimcore
2502,0,Pimcore
2503,0,Pimcore
2504,1,Pimcore
2505,0,Pimcore
2506,1,Pimcore
2507,1,Pimcore
2508,1,Pimcore
2509,0,Pimcore
2510,1,Pimcore
2511,0,Pimcore
2512,1,Pimcore
2513,1,Pimcore
2514,0,Pimcore
2515,1,Pimcore
2516,1,Pimcore
2517,0,Pimcore
2518,1,Pimcore
2519,0,Pimcore
2520,1,Pimcore
2521,0,Pimcore
2522,1,Pimcore
2523,0,Pimcore
2524,1,Pimcore
2525,1,Pimcore
2526,1,Pimcore
2527,1,Pimcore
2528,0,Pimcore
2529,1,Pimcore
2530,0,Pimcore
2531,1,Pimcore
2532,1,Pimcore
2533,1,Pimcore
2534,1,Pimcore
2535,0,Pimcore
2536,1,Pimcore
2537,0,Pimcore
2538,1,Pimcore
2539,1,Pimcore
2540,1,Pimcore
2541,0,Pimcore
2542,1,Pimcore
2543,1,Pimcore
2544,1,Pimcore
2545,1,Pimcore
2546,1,Pimcore
2547,1,Pimcore
2548,1,Pimcore
2549,0,Pimcore
2550,1,Pimcore
2551,0,Pimcore
2552,1,Pimcore
2553,0,Pimcore
2554,1,Pimcore
2555,1,Pimcore
2556,1,Pimcore
2557,1,Pimcore
2558,1,Pimcore
2559,1,Pimcore
2560,1,Pimcore
2561,1,Pimcore
2562,1,Pimcore
2563,0,Pimcore
2564,0,Pimcore
2565,1,Pimcore
2566,1,Pimcore
2567,0,Pimcore
2568,0,Pimcore
2569,1,Pimcore
2570,1,Pimcore
2571,0,Pimcore
2572,0,Pimcore
2573,1,Pimcore
2574,0,Pimcore
2575,1,Pimcore
2576,0,Pimcore
2577,1,Pimcore
2578,0,Pimcore
2579,1,Pimcore
2580,1,Pimcore
2581,1,Pimcore
2582,1,Pimcore
2583,1,Pimcore
2584,0,Pimcore
2585,1,Pimcore
2586,1,Pimcore
2587,0,Pimcore
2588,0,Pimcore
2589,0,Pimcore
2590,0,Pimcore
2591,1,Pimcore
2592,0,Pimcore
2593,0,Pimcore
2594,1,Pimcore
2595,0,Pimcore
2596,0,Pimcore
2597,0,Pimcore
2598,0,Pimcore
2599,0,Pimcore
2600,0,Pimcore
2601,0,Pimcore
2602,0,Pimcore
2603,0,Pimcore
2604,0,Pimcore
2605,0,Pimcore
2606,0,Pimcore
2607,0,Pimcore
2608,0,Pimcore
2609,0,Pimcore
2610,0,Pimcore
2611,0,Pimcore
2612,0,Pimcore
2613,0,Pimcore
2614,0,Pimcore
2615,0,Pimcore
2616,0,Pimcore
2617,0,Pimcore
2618,0,Pimcore
2619,0,Pimcore
2620,0,Pimcore
2621,0,Pimcore
2622,0,Pimcore
2623,0,Pimcore
2624,0,Pimcore
2625,0,Pimcore
2626,0,Pimcore
2627,0,Pimcore
2628,0,Pimcore
2629,0,Pimcore
2630,0,Pimcore
2631,0,Pimcore
2632,0,Pimcore
2633,0,Pimcore
2634,0,Pimcore
2635,0,Pimcore
2636,0,Pimcore
2637,0,Pimcore
2638,0,Pimcore
2639,0,Pimcore
2640,0,Pimcore
2641,0,Pimcore
2642,0,Pimcore
2643,0,Pimcore
2644,0,Pimcore
2645,0,Pimcore
2646,0,Pimcore
2647,0,Pimcore
2648,0,Pimcore
2649,0,Pimcore
2650,0,Pimcore
2651,0,Pimcore
2652,0,Pimcore
2653,0,Pimcore
2654,0,Pimcore
2655,0,Pimcore
2656,0,Pimcore
2657,0,Pimcore
2658,0,Pimcore
2659,0,Pimcore
2660,0,Pimcore
2661,0,Pimcore
2662,0,Pimcore
2663,0,Pimcore
2664,0,Pimcore
2665,0,Pimcore
2666,0,Pimcore
2667,0,Pimcore
2668,0,Pimcore
2669,0,Pimcore
2670,0,Pimcore
2671,0,Pimcore
2672,0,Pimcore
2673,0,Pimcore
2674,0,Pimcore
2675,0,Pimcore
2676,0,Pimcore
2677,0,Pimcore
2678,0,Pimcore
2679,0,Pimcore
2680,0,Pimcore
2681,0,Pimcore
2682,0,Pimcore
2683,0,Pimcore
2684,0,Pimcore
2685,0,Pimcore
2686,0,Pimcore
2687,0,Pimcore
2688,0,Pimcore
2689,0,Pimcore
2690,0,Pimcore
2691,0,Pimcore
2692,0,Pimcore
2693,0,Pimcore
2694,0,Pimcore
2695,0,Pimcore
2696,0,Pimcore
2697,0,Pimcore
2698,0,Pimcore
2699,0,Pimcore
2700,0,Pimcore
2701,0,Pimcore
2702,0,Pimcore
2703,0,Pimcore
2704,0,Pimcore
2705,0,Pimcore
2706,0,Pimcore
2707,0,Pimcore
2708,0,Pimcore
2709,0,Pimcore
2710,0,Pimcore
2711,0,Pimcore
2712,0,Pimcore
2713,0,Pimcore
2714,0,Pimcore
2715,0,Pimcore
2716,0,Pimcore
2717,0,Pimcore
2718,0,Pimcore
2719,0,Pimcore
2720,0,Pimcore
2721,0,Pimcore
2722,0,Pimcore
2723,0,Pimcore
2724,0,Pimcore
2725,0,Pimcore
2726,0,Pimcore
2727,0,Pimcore
2728,0,Pimcore
2729,0,Pimcore
2730,0,Pimcore
2731,0,Pimcore
2732,0,Pimcore
2733,0,Pimcore
2734,0,Pimcore
2735,0,Pimcore
2736,0,Pimcore
2737,0,Pimcore
2738,0,Pimcore
2739,0,Pimcore
2740,0,Pimcore
2741,0,Pimcore
2742,0,Pimcore
2743,0,Pimcore
2744,0,Pimcore
2745,0,Pimcore
2746,0,Pimcore
2747,0,Pimcore
2748,0,Pimcore
2749,0,Pimcore
2750,0,Pimcore
2751,0,Pimcore
2752,0,Pimcore
2753,0,Pimcore
2754,0,Pimcore
2755,0,Pimcore
2756,0,Pimcore
2757,0,Pimcore
2758,0,Pimcore
2759,0,Pimcore
2760,0,Pimcore
2761,0,Pimcore
2762,0,Pimcore
2763,0,Pimcore
2764,0,Pimcore
2765,0,Pimcore
2766,0,Pimcore
2767,0,Pimcore
2768,0,Pimcore
2769,0,Pimcore
2770,0,Pimcore
2771,0,Pimcore
2772,0,Pimcore
2773,0,Pimcore
2774,0,Pimcore
2775,0,Pimcore
2776,0,Pimcore
2777,0,Pimcore
2778,0,Pimcore
2779,0,Pimcore
2780,0,Pimcore
2781,0,Pimcore
2782,0,Pimcore
2783,0,Pimcore
2784,0,Pimcore
2785,0,Pimcore
2786,0,Pimcore
2787,0,Pimcore
2788,0,Pimcore
2789,0,Pimcore
2790,0,Pimcore
2791,0,Pimcore
2792,0,Pimcore
2793,0,Pimcore
2794,0,Pimcore
2795,0,Pimcore
2796,0,Pimcore
2797,0,Pimcore
2798,0,Pimcore
2799,0,Pimcore
2800,0,Pimcore
2801,0,Pimcore
2802,0,Pimcore
2803,0,Pimcore
2804,0,Pimcore
2805,0,Pimcore
2806,0,Pimcore
2807,0,Pimcore
2808,0,Pimcore
2809,0,Pimcore
2810,0,Pimcore
2811,0,Pimcore
2812,0,Pimcore
2813,0,Pimcore
2814,0,Pimcore
2815,0,Pimcore
2816,0,Pimcore
2817,0,Pimcore
2818,0,Pimcore
2819,0,Pimcore
2820,0,Pimcore
2821,0,Pimcore
2822,0,Pimcore
2823,0,Pimcore
2824,0,Pimcore
2825,0,Pimcore
2826,0,Pimcore
2827,0,Pimcore
2828,0,Pimcore
2829,0,Pimcore
2830,0,Pimcore
2831,0,Pimcore
2832,0,Pimcore
2833,0,Pimcore
2834,0,Pimcore
2835,0,Pimcore
2836,0,Pimcore
2837,0,Pimcore
2838,0,Pimcore
2839,0,Pimcore
2840,0,Pimcore
2841,0,Pimcore
2842,0,Pimcore
2843,0,Pimcore
2844,0,Pimcore
2845,0,Pimcore
2846,0,Pimcore
2847,0,Pimcore
2848,0,Pimcore
2849,0,Pimcore
2850,0,Pimcore
2851,0,Pimcore
2852,0,Pimcore
2853,0,Pimcore
2854,0,Pimcore
2855,0,Pimcore
2856,0,Pimcore
2857,0,Pimcore
2858,0,Pimcore
2859,0,Pimcore
2860,0,Pimcore
2861,0,Pimcore
2862,0,Pimcore
2863,0,Pimcore
2864,0,Pimcore
2865,0,Pimcore
2866,0,Pimcore
2867,0,Pimcore
2868,0,Pimcore
2869,0,Pimcore
2870,0,Pimcore
2871,0,Pimcore
2872,0,Pimcore
2873,0,Pimcore
2874,0,Pimcore
2875,0,Pimcore
2876,0,Pimcore
2877,0,Pimcore
2878,0,Pimcore
2879,0,Pimcore
2880,0,Pimcore
2881,0,Pimcore
2882,0,Pimcore
2883,0,Pimcore
2884,0,Pimcore
2885,0,Pimcore
2886,0,Pimcore
2887,0,Pimcore
2888,0,Pimcore
2889,0,Pimcore
2890,0,Pimcore
2891,0,Pimcore
2892,0,Pimcore
2893,0,Pimcore
2894,0,Pimcore
2895,0,Pimcore
2896,0,Pimcore
2897,0,Pimcore
2898,0,Pimcore
2899,0,Pimcore
2900,0,Pimcore
2901,0,Pimcore
2902,0,Pimcore
2903,0,Pimcore
2904,0,Pimcore
2905,0,Pimcore
2906,0,Pimcore
2907,0,Pimcore
2908,0,Pimcore
2909,0,Pimcore
2910,0,Pimcore
2911,0,Pimcore
2912,0,Pimcore
2913,0,Pimcore
2914,0,Pimcore
2915,0,Pimcore
2916,0,Pimcore
2917,0,Pimcore
2918,0,Pimcore
2919,0,Pimcore
2920,0,Pimcore
2921,0,Pimcore
2922,0,Pimcore
2923,0,Pimcore
2924,0,Pimcore
2925,0,Pimcore
2926,0,Pimcore
2927,0,Pimcore
2928,0,Pimcore
2929,0,Pimcore
2930,0,Pimcore
2931,0,Pimcore
2932,0,Pimcore
2933,0,Pimcore
2934,0,Pimcore
2935,0,Pimcore
2936,0,Pimcore
2937,0,Pimcore
2938,0,Pimcore
2939,0,Pimcore
2940,0,Pimcore
2941,0,Pimcore
2942,0,Pimcore
2943,0,Pimcore
2944,0,Pimcore
2945,0,Pimcore
2946,0,Pimcore
2947,0,Pimcore
2948,0,Pimcore
2949,0,Pimcore
2950,0,Pimcore
2951,0,Pimcore
2952,0,Pimcore
2953,0,Pimcore
2954,0,Pimcore
2955,0,Pimcore
2956,0,Pimcore
2957,0,Pimcore
2958,0,Pimcore
2959,0,Pimcore
2960,0,Pimcore
2961,0,Pimcore
2962,0,Pimcore
2963,0,Pimcore
2964,0,Pimcore
2965,0,Pimcore
2966,0,Pimcore
2967,0,Pimcore
2968,0,Pimcore
2969,0,Pimcore
2970,0,Pimcore
2971,0,Pimcore
2972,0,Pimcore
2973,0,Pimcore
2974,0,Pimcore
2975,0,Pimcore
2976,0,Pimcore
2977,0,Pimcore
2978,0,Pimcore
2979,0,Pimcore
2980,0,Pimcore
2981,0,Pimcore
2982,0,Pimcore
2983,0,Pimcore
2984,0,Pimcore
2985,0,Pimcore
2986,0,Pimcore
2987,0,Pimcore
2988,0,Pimcore
2989,0,Pimcore
2990,0,Pimcore
2991,0,Pimcore
2992,0,Pimcore
2993,0,Pimcore
2994,0,Pimcore
2995,0,Pimcore
2996,0,Pimcore
2997,0,Pimcore
2998,0,Pimcore
2999,0,Pimcore
3000,0,Piwigo
3001,1,Piwigo
3002,0,Piwigo
3003,0,Piwigo
3004,0,Piwigo
3005,0,Piwigo
3006,1,Piwigo
3007,0,Piwigo
3008,1,Piwigo
3009,1,Piwigo
3010,1,Piwigo
3011,0,Piwigo
3012,0,Piwigo
3013,1,Piwigo
3014,1,Piwigo
3015,1,Piwigo
3016,0,Piwigo
3017,1,Piwigo
3018,1,Piwigo
3019,1,Piwigo
3020,1,Piwigo
3021,1,Piwigo
3022,1,Piwigo
3023,0,Piwigo
3024,1,Piwigo
3025,1,Piwigo
3026,1,Piwigo
3027,1,Piwigo
3028,0,Piwigo
3029,1,Piwigo
3030,0,Piwigo
3031,1,Piwigo
3032,1,Piwigo
3033,0,Piwigo
3034,0,Piwigo
3035,0,Piwigo
3036,0,Piwigo
3037,0,Piwigo
3038,0,Piwigo
3039,0,Piwigo
3040,0,Piwigo
3041,0,Piwigo
3042,0,Piwigo
3043,0,Piwigo
3044,0,Piwigo
3045,0,Piwigo
3046,0,Piwigo
3047,0,Piwigo
3048,0,Piwigo
3049,0,Piwigo
3050,0,Piwigo
3051,0,Piwigo
3052,0,Piwigo
3053,0,Piwigo
3054,0,Piwigo
3055,0,Piwigo
3056,0,Piwigo
3057,0,Piwigo
3058,0,Piwigo
3059,0,Piwigo
3060,0,Piwigo
3061,0,Piwigo
3062,0,Piwigo
3063,0,Piwigo
3064,0,Piwigo
3065,0,Piwigo
3066,0,Piwigo
3067,0,Piwigo
3068,0,Piwigo
3069,0,Piwigo
3070,0,Piwigo
3071,0,Piwigo
3072,0,Piwigo
3073,0,Piwigo
3074,0,Piwigo
3075,0,Piwigo
3076,0,Piwigo
3077,0,Piwigo
3078,0,Piwigo
3079,0,Piwigo
3080,0,Piwigo
3081,0,Piwigo
3082,0,Piwigo
3083,0,Piwigo
3084,0,Piwigo
3085,0,Piwigo
3086,0,Piwigo
3087,0,Piwigo
3088,0,Piwigo
3089,0,Piwigo
3090,0,Piwigo
3091,0,Piwigo
3092,0,Piwigo
3093,0,Piwigo
3094,0,Piwigo
3097,1,Shopware
3098,1,Shopware
3099,1,Shopware
3100,1,Shopware
3101,1,Shopware
3102,1,Shopware
3103,0,Shopware
3104,1,Shopware
3105,0,Shopware
3106,0,Shopware
3107,1,Shopware
3108,0,Shopware
3109,1,Shopware
3110,0,Shopware
3111,1,Shopware
3112,1,Shopware
3113,1,Shopware
3114,1,Shopware
3115,1,Shopware
3116,1,Shopware
3117,1,Shopware
3118,1,Shopware
3119,1,Shopware
3120,0,Shopware
3121,1,Shopware
3122,0,Shopware
3123,1,Shopware
3124,1,Shopware
3125,1,Shopware
3126,1,Shopware
3127,1,Shopware
3128,1,Shopware
3129,1,Shopware
3130,1,Shopware
3131,0,Shopware
3132,1,Shopware
3133,0,Shopware
3134,1,Shopware
3135,1,Shopware
3136,1,Shopware
3137,1,Shopware
3138,1,Shopware
3139,1,Shopware
3140,1,Shopware
3141,1,Shopware
3142,1,Shopware
3143,1,Shopware
3144,1,Shopware
3145,1,Shopware
3146,1,Shopware
3147,1,Shopware
3148,1,Shopware
3149,0,Shopware
3150,0,Shopware
3151,0,Shopware
3152,0,Shopware
3153,0,Shopware
3154,0,Shopware
3155,0,Shopware
3156,0,Shopware
3157,0,Shopware
3158,0,Shopware
3159,0,Shopware
3160,0,Shopware
3161,0,Shopware
3162,0,Shopware
3163,0,Shopware
3164,0,Shopware
3165,0,Shopware
3166,0,Shopware
3167,0,Shopware
3168,0,Shopware
3169,0,Shopware
3170,0,Shopware
3171,0,Shopware
3172,0,Shopware
3173,0,Shopware
3174,0,Shopware
3175,0,Shopware
3176,0,Shopware
3177,0,Shopware
3178,0,Shopware
3179,0,Shopware
3180,0,Shopware
3181,0,Shopware
3182,0,Shopware
3183,0,Shopware
3184,0,Shopware
3185,0,Shopware
3186,0,Shopware
3187,0,Shopware
3188,0,Shopware
3189,0,Shopware
3190,0,Shopware
3191,0,Shopware
3192,0,Shopware
3193,0,Shopware
3194,0,Shopware
3195,0,Shopware
3196,0,Shopware
3197,0,Shopware
3198,0,Shopware
3199,0,Shopware
3200,0,Shopware
3201,0,Shopware
3202,0,Shopware
3203,0,Shopware
3204,0,Shopware
3205,0,Shopware
3206,0,Shopware
3207,0,Shopware
3208,0,Shopware
3209,0,Shopware
3210,0,Shopware
3211,0,Shopware
3212,0,Shopware
3213,0,Shopware
3214,0,Shopware
3215,0,Shopware
3216,0,Shopware
3217,0,Shopware
3218,0,Shopware
3219,0,Shopware
3220,0,Shopware
3221,0,Shopware
3222,0,Shopware
3223,0,Shopware
3224,0,Shopware
3225,0,Shopware
3226,0,Shopware
3227,0,Shopware
3228,0,Shopware
3229,0,Shopware
3230,0,Shopware
3231,0,Shopware
3232,0,Shopware
3233,0,Shopware
3234,0,Shopware
3235,0,Shopware
3236,0,Shopware
3237,0,Shopware
3238,0,Shopware
3239,0,Shopware
3240,0,Shopware
3241,0,Shopware
3242,0,Shopware
3243,0,Shopware
3244,0,Shopware
3245,0,Shopware
3246,0,Shopware
3247,0,Shopware
3248,0,Shopware
3249,0,Shopware
3250,0,Shopware
3251,0,Shopware
3252,0,Shopware
3253,0,Shopware
3254,0,Shopware
3255,0,Shopware
3256,0,Shopware
3257,0,Shopware
3258,0,Shopware
3259,0,Shopware
3260,0,Shopware
3261,0,Shopware
3262,0,Shopware
3263,0,Shopware
3264,0,Shopware
3265,0,Shopware
3266,0,Shopware
3267,0,Shopware
3268,0,Shopware
3269,0,Shopware
3270,0,Shopware
3271,0,Shopware
3272,0,Shopware
3273,0,Shopware
3274,0,Shopware
3275,0,Shopware
3276,0,Shopware
3277,0,Shopware
3278,0,Shopware
3279,0,Shopware
3280,0,Shopware
3281,0,PrivateBin
3282,1,PrivateBin
3283,1,PrivateBin
3284,1,PrivateBin
3285,0,PrivateBin
3286,1,PrivateBin
3287,1,PrivateBin
3288,1,PrivateBin
3289,1,PrivateBin
3290,1,PrivateBin
3291,1,PrivateBin
3292,1,PrivateBin
3293,1,PrivateBin
3294,1,PrivateBin
3295,1,PrivateBin
3296,0,PrivateBin
3297,0,PrivateBin
3298,0,PrivateBin
3299,0,PrivateBin
3300,0,PrivateBin
3301,0,PrivateBin
3302,0,PrivateBin
3303,0,PrivateBin
3304,0,PrivateBin
3305,0,PrivateBin
3306,0,PrivateBin
3307,0,PrivateBin
3308,0,PrivateBin
3309,0,PrivateBin
3310,0,PrivateBin
3311,0,PrivateBin
3312,0,PrivateBin
3313,0,PrivateBin
3314,0,PrivateBin
3315,0,PrivateBin
3316,0,PrivateBin
3317,0,PrivateBin
3318,0,PrivateBin
3319,0,PrivateBin
3320,0,PrivateBin
3321,0,PrivateBin
3322,0,PrivateBin
3323,0,PrivateBin
3324,0,PrivateBin
3325,0,PrivateBin
3326,0,PrivateBin
3327,0,PrivateBin
3328,0,PrivateBin
3329,0,PrivateBin
3330,0,PrivateBin
3331,0,PrivateBin
3332,0,PrivateBin
3333,0,PrivateBin
3334,0,PrivateBin
3335,0,Sulu
3336,1,Sulu
3337,1,Sulu
3338,1,Sulu
3339,1,Sulu
3340,0,Sulu
3341,1,Sulu
3342,0,Sulu
3343,1,Sulu
3344,0,Sulu
3345,1,Sulu
3346,1,Sulu
3347,1,Sulu
3348,1,Sulu
3349,0,Sulu
3350,0,Sulu
3351,0,Sulu
3352,0,Sulu
3353,0,Sulu
3354,0,Sulu
3355,0,Sulu
3356,0,Sulu
3357,0,Sulu
3358,0,Sulu
3359,0,Sulu
3360,0,Sulu
3361,0,Sulu
3362,0,Sulu
3363,0,Sulu
3364,0,Sulu
3365,0,Sulu
3366,0,Sulu
3367,0,Sulu
3368,0,Sulu
3369,0,Sulu
3370,0,Sulu
3371,0,Sulu
3372,0,Sulu
3373,0,Sulu
3374,0,Sulu
3375,0,Sulu
3376,0,Sulu
3377,0,Sulu
3378,0,Sulu
3379,0,Sylius
3380,0,Sylius
3381,1,Sylius
3382,0,Sylius
3383,0,Sylius
3384,0,Sylius
3385,0,Tuleap
3386,0,Tuleap
3387,1,Tuleap
3388,1,Tuleap
3389,1,Tuleap
3390,1,Tuleap
3391,0,Tuleap
3392,1,Tuleap
3393,0,Tuleap
3394,1,Tuleap
3395,1,Tuleap
3396,0,Tuleap
3397,1,Tuleap
3398,1,Tuleap
3399,1,Tuleap
3400,1,Tuleap
3401,1,Tuleap
3402,1,Tuleap
3403,1,Tuleap
3404,0,Tuleap
3405,1,Tuleap
3406,1,Tuleap
3407,1,Tuleap
3408,0,Tuleap
3409,1,Tuleap
3410,0,Tuleap
3411,1,Tuleap
3412,0,Tuleap
3413,1,Tuleap
3414,1,Tuleap
3415,0,Tuleap
3416,1,Tuleap
3417,1,Tuleap
3418,0,Tuleap
3419,0,Tuleap
3420,0,Tuleap
3421,1,Tuleap
3422,1,Tuleap
3423,1,Tuleap
3424,1,Tuleap
3425,1,Tuleap
3426,1,Tuleap
3427,1,Tuleap
3428,1,Tuleap
3429,1,Tuleap
3430,1,Tuleap
3431,1,Tuleap
3432,1,Tuleap
3433,0,Tuleap
3434,1,Tuleap
3435,1,Tuleap
3436,0,Tuleap
3437,1,Tuleap
3438,0,Tuleap
3439,1,Tuleap
3440,1,Tuleap
3441,0,Tuleap
3442,1,Tuleap
3443,0,Tuleap
3444,1,Tuleap
3445,1,Tuleap
3446,0,Tuleap
3447,1,Tuleap
3448,1,Tuleap
3449,1,Tuleap
3450,1,Tuleap
3451,1,Tuleap
3452,0,Tuleap
3453,1,Tuleap
3454,1,Tuleap
3455,1,Tuleap
3456,1,Tuleap
3457,1,Tuleap
3458,1,Tuleap
3459,1,Tuleap
3460,1,Tuleap
3461,1,Tuleap
3462,1,Tuleap
3463,1,Tuleap
3464,1,Tuleap
3465,1,Tuleap
3466,1,Tuleap
3467,1,Tuleap
3468,1,Tuleap
3469,1,Tuleap
3470,1,Tuleap
3471,1,Tuleap
3472,1,Tuleap
3473,1,Tuleap
3474,1,Tuleap
3475,1,Tuleap
3476,1,Tuleap
3477,1,Tuleap
3478,1,Tuleap
3479,0,Tuleap
3480,1,Tuleap
3481,1,Tuleap
3482,1,Tuleap
3483,1,Tuleap
3484,1,Tuleap
3485,1,Tuleap
3486,1,Tuleap
3487,1,Tuleap
3488,1,Tuleap
3489,1,Tuleap
3490,1,Tuleap
3491,1,Tuleap
3492,0,Tuleap
3493,1,Tuleap
3494,1,Tuleap
3495,1,Tuleap
3496,1,Tuleap
3497,1,Tuleap
3498,0,Tuleap
3499,1,Tuleap
3500,0,Tuleap
3501,1,Tuleap
3502,1,Tuleap
3503,1,Tuleap
3504,1,Tuleap
3505,1,Tuleap
3506,1,Tuleap
3507,0,Tuleap
3508,0,Tuleap
3509,0,Tuleap
3510,0,Tuleap
3511,0,Tuleap
3512,0,Tuleap
3513,0,Tuleap
3514,0,Tuleap
3515,0,Tuleap
3516,0,Tuleap
3517,0,Tuleap
3518,0,Tuleap
3519,0,Tuleap
3520,0,Tuleap
3521,0,Tuleap
3522,0,Tuleap
3523,0,Tuleap
3524,0,Tuleap
3525,0,Tuleap
3526,0,Tuleap
3527,0,Tuleap
3528,0,Tuleap
3529,0,Tuleap
3530,0,Tuleap
3531,0,Tuleap
3532,0,Tuleap
3533,0,Tuleap
3534,0,Tuleap
3535,0,Tuleap
3536,0,Tuleap
3537,0,Tuleap
3538,0,Tuleap
3539,0,Tuleap
3540,0,Tuleap
3541,0,Tuleap
3542,0,Tuleap
3543,0,Tuleap
3544,0,Tuleap
3545,0,Tuleap
3546,0,Tuleap
3547,0,Tuleap
3548,0,Tuleap
3549,0,Tuleap
3550,0,Tuleap
3551,0,Tuleap
3552,0,Tuleap
3553,0,Tuleap
3554,0,Tuleap
3555,0,Tuleap
3556,0,Tuleap
3557,0,Tuleap
3558,0,Tuleap
3559,0,Tuleap
3560,0,Tuleap
3561,0,Tuleap
3562,0,Tuleap
3563,0,Tuleap
3564,0,Tuleap
3565,0,Tuleap
3566,0,Tuleap
3567,0,Tuleap
3568,0,Tuleap
3569,0,Tuleap
3570,0,Tuleap
3571,0,Tuleap
3572,0,Tuleap
3573,0,Tuleap
3574,0,Tuleap
3575,0,Tuleap
3576,0,Tuleap
3577,0,Tuleap
3578,0,Tuleap
3579,0,Tuleap
3580,0,Tuleap
3581,0,Tuleap
3582,0,Tuleap
3583,0,Tuleap
3584,0,Tuleap
3585,0,Tuleap
3586,0,Tuleap
3587,0,Tuleap
3588,0,Tuleap
3589,0,Tuleap
3590,0,Tuleap
3591,0,Tuleap
3592,0,Tuleap
3593,0,Tuleap
3594,0,Tuleap
3595,0,Tuleap
3596,0,Tuleap
3597,0,Tuleap
3598,0,Tuleap
3599,0,Tuleap
3600,0,Tuleap
3601,0,Tuleap
3602,0,Tuleap
3603,0,Tuleap
3604,0,Tuleap
3605,0,Tuleap
3606,0,Tuleap
3607,0,Tuleap
3608,0,Tuleap
3609,0,Tuleap
3610,0,Tuleap
3611,0,Tuleap
3612,0,Tuleap
3613,0,Tuleap
3614,0,Tuleap
3615,0,Tuleap
3616,0,Tuleap
3617,0,Tuleap
3618,0,Tuleap
3619,0,Tuleap
3620,0,Tuleap
3621,0,Tuleap
3622,0,Tuleap
3623,0,Tuleap
3624,0,Tuleap
3625,0,Tuleap
3626,0,Tuleap
3627,0,Tuleap
3628,0,Tuleap
3629,0,Tuleap
3630,0,Tuleap
3631,0,Tuleap
3632,0,Tuleap
3633,0,Tuleap
3634,0,Tuleap
3635,0,Tuleap
3636,0,Tuleap
3637,0,Tuleap
3638,0,Tuleap
3639,0,Tuleap
3640,0,Tuleap
3641,0,Tuleap
3642,0,Tuleap
3643,0,Tuleap
3644,0,Tuleap
3645,0,Tuleap
3646,0,Tuleap
3647,0,Tuleap
3648,0,Tuleap
3649,0,Tuleap
3650,0,Tuleap
3651,0,Tuleap
3652,0,Tuleap
3653,0,Tuleap
3654,0,Tuleap
3655,0,Tuleap
3656,0,Tuleap
3657,0,Tuleap
3658,0,Tuleap
3659,0,Tuleap
3660,0,Tuleap
3661,0,Tuleap
3662,0,Tuleap
3663,0,Tuleap
3664,0,Tuleap
3665,0,Tuleap
3666,0,Tuleap
3667,0,Tuleap
3668,0,Tuleap
3669,0,Tuleap
3670,0,Tuleap
3671,0,Tuleap
3672,0,Tuleap
3673,0,Tuleap
3674,0,Tuleap
3675,0,Tuleap
3676,0,Tuleap
3677,0,Tuleap
3678,0,Tuleap
3679,0,Tuleap
3680,0,Tuleap
3681,0,Tuleap
3682,0,Tuleap
3683,0,Tuleap
3684,0,Tuleap
3685,0,Tuleap
3686,0,Tuleap
3687,0,Tuleap
3688,0,Tuleap
3689,0,Tuleap
3690,0,Tuleap
3691,0,Tuleap
3692,0,Tuleap
3693,0,Tuleap
3694,0,Tuleap
3695,0,Tuleap
3696,0,Tuleap
3697,0,Tuleap
3698,0,Tuleap
3699,0,Tuleap
3700,0,Tuleap
3701,0,Tuleap
3702,0,Tuleap
3703,0,Tuleap
3704,0,Tuleap
3705,0,Tuleap
3706,0,Tuleap
3707,0,Tuleap
3708,0,Tuleap
3709,0,Tuleap
3710,0,Tuleap
3711,0,Tuleap
3712,0,Tuleap
3713,0,Tuleap
3714,0,Tuleap
3715,0,Tuleap
3716,0,Tuleap
3717,0,Tuleap
3718,0,Tuleap
3719,0,Tuleap
3720,0,Tuleap
3721,0,Tuleap
3722,0,Tuleap
3723,0,Tuleap
3724,0,Tuleap
3725,0,Tuleap
3726,0,Tuleap
3727,0,Tuleap
3728,0,Tuleap
3729,0,Tuleap
3730,0,Tuleap
3731,0,Tuleap
3732,0,Tuleap
3733,0,Tuleap
3734,0,Tuleap
3735,0,Tuleap
3736,0,Tuleap
3737,0,Tuleap
3738,0,Tuleap
3739,0,Tuleap
3740,0,Tuleap
3741,0,Tuleap
3742,0,Tuleap
3743,0,Tuleap
3744,0,Tuleap
3745,0,Tuleap
3746,0,Tuleap
3747,0,Tuleap
3748,0,Tuleap
3749,0,Tuleap
3750,0,Tuleap
3751,0,Tuleap
3752,0,Tuleap
3753,0,Tuleap
3754,0,Tuleap
3755,0,Tuleap
3756,0,Tuleap
3757,0,Tuleap
3758,0,Tuleap
3759,0,Tuleap
3760,0,Tuleap
3761,0,Tuleap
3762,0,Tuleap
3763,0,Tuleap
3764,0,Tuleap
3765,0,Tuleap
3766,0,Tuleap
3767,0,Tuleap
3768,0,Tuleap
3769,0,Tuleap
3770,0,Tuleap
3771,0,Tuleap
3772,0,Tuleap
3773,0,Tuleap
3774,0,Tuleap
3775,0,Tuleap
3776,0,Tuleap
3777,0,Tuleap
3778,0,Tuleap
3779,0,Tuleap
3780,0,Tuleap
3781,0,Tuleap
3782,0,Tuleap
3783,0,Tuleap
3784,0,Tuleap
3785,0,Tuleap
3786,0,Tuleap
3787,0,Tuleap
3788,0,Tuleap
3789,0,Tuleap
3790,0,Tuleap
3791,0,Tuleap
3792,0,Tuleap
3793,0,Tuleap
3794,0,Tuleap
3795,0,Tuleap
3796,0,Tuleap
3797,0,Tuleap
3798,0,Tuleap
3799,0,Tuleap
3800,0,Tuleap
3801,0,Tuleap
3802,0,Tuleap
3803,0,Tuleap
3804,0,Tuleap
3805,0,Tuleap
3806,0,Tuleap
3807,0,Tuleap
3808,0,Tuleap
3809,0,Tuleap
3810,0,Tuleap
3811,0,Tuleap
3812,0,Tuleap
3813,0,Tuleap
3814,0,Tuleap
3815,0,Tuleap
3816,0,Tuleap
3817,0,Tuleap
3818,0,Tuleap
3819,0,Tuleap
3820,0,Tuleap
3821,0,Vanilla
3822,0,Vanilla
3823,0,Vanilla
3824,0,Vanilla
3825,1,Vanilla
3826,1,Vanilla
3827,0,Vanilla
3828,0,Vanilla
3829,0,Vanilla
3830,0,Vanilla
3831,0,Vanilla
3832,0,Vanilla
3833,0,Vesta
3834,1,Vesta
3835,1,Vesta
3836,1,Vesta
3837,1,Vesta
3838,1,Vesta
3839,1,Vesta
3840,1,Vesta
3841,1,Vesta
3842,1,Vesta
3843,1,Vesta
3844,1,Vesta
3845,1,Vesta
3846,1,Vesta
3847,1,Vesta
3848,1,Vesta
3849,1,Vesta
3850,1,Vesta
3851,1,Vesta
3852,1,Vesta
3853,1,Vesta
3854,1,Vesta
3855,1,Vesta
3856,1,Vesta
3857,1,Vesta
3858,1,Vesta
3859,1,Vesta
3860,1,Vesta
3861,1,Vesta
3862,1,Vesta
3863,1,Vesta
3864,1,Vesta
3865,1,Vesta
3866,1,Vesta
3867,1,Vesta
3868,1,Vesta
3869,1,Vesta
3870,1,Vesta
3871,1,Vesta
3872,1,Vesta
3873,1,Vesta
3874,1,Vesta
3875,1,Vesta
3876,1,Vesta
3877,1,Vesta
3878,1,Vesta
3879,1,Vesta
3880,1,Vesta
3881,1,Vesta
3882,1,Vesta
3883,1,Vesta
3884,1,Vesta
3885,1,Vesta
3886,1,Vesta
3887,1,Vesta
3888,1,Vesta
3889,1,Vesta
3890,1,Vesta
3891,1,Vesta
3892,1,Vesta
3893,1,Vesta
3894,1,Vesta
3895,1,Vesta
3896,1,Vesta
3897,1,Vesta
3898,0,Vesta
3899,0,Vesta
3900,0,Vesta
3901,0,Vesta
3902,0,Vesta
3903,0,Vesta
3904,0,Vesta
3905,0,Vesta
3906,0,Vesta
3907,0,Vesta
3908,0,Vesta
3909,0,Vesta
3910,0,Vesta
3911,0,Vesta
3912,0,Vesta
3913,0,Vesta
3914,0,Vesta
3915,0,Vesta
3916,0,Vesta
3917,0,Vesta
3918,0,Vesta
3919,0,Vesta
3920,0,Vesta
3921,0,Vesta
3922,0,Vesta
3923,0,Vesta
3924,0,Vesta
3925,0,Vesta
3926,0,Vesta
3927,0,Vesta
3928,0,Vesta
3929,0,Vesta
3930,0,Vesta
3931,0,Vesta
3932,0,Vesta
3933,0,Vesta
3934,0,Vesta
3935,0,Vesta
3936,0,Vesta
3937,0,Vesta
3938,0,Vesta
3939,0,Vesta
3940,0,Vesta
3941,0,Vesta
3942,0,Vesta
3943,0,Vesta
3944,0,Vesta
3945,0,Vesta
3946,0,Vesta
3947,0,Vesta
3948,0,Vesta
3949,0,Vesta
3950,0,Vesta
3951,0,Vesta
3952,0,Vesta
3953,0,Vesta
3954,0,Vesta
3955,0,Vesta
3956,0,Vesta
3957,0,Vesta
3958,0,Vesta
3959,0,Vesta
3960,0,Vesta
3961,0,Vesta
3962,0,Vesta
3963,0,Vesta
3964,0,Vesta
3965,0,Vesta
3966,0,Vesta
3967,0,Vesta
3968,0,Vesta
3969,0,Vesta
3970,0,Vesta
3971,0,Vesta
3972,0,Vesta
3973,0,Vesta
3974,0,Vesta
3975,0,Vesta
3976,0,Vesta
3977,0,Vesta
3978,0,Vesta
3979,0,Vesta
3980,0,Vesta
3981,0,Vesta
3982,0,Vesta
3983,0,Vesta
3984,0,Vesta
3985,0,Vesta
3986,0,Vesta
3987,0,Vesta
3988,0,Vesta
3989,0,Vesta
3990,0,Vesta
3991,0,Vesta
3992,0,Vesta
3993,0,Vesta
3994,0,Vesta
3995,0,Vesta
3996,0,Vesta
3997,0,Vesta
3998,0,Vesta
3999,0,Vesta
4000,0,Vesta
4001,0,Vesta
4002,0,Vesta
4003,0,Vesta
4004,0,Vesta
4005,0,Vesta
4006,0,Vesta
4007,0,Vesta
4008,0,Vesta
4009,0,Vesta
4010,0,Vesta
4011,0,Vesta
4012,0,Vesta
4013,0,Vesta
4014,0,Vesta
4015,0,Vesta
4016,0,Vesta
4017,0,Vesta
4018,0,Vesta
4019,0,Vesta
4020,0,Vesta
4021,0,Vesta
4022,0,Vesta
4023,0,Vesta
4024,0,Vesta
4025,0,Vesta
4026,0,Vesta
4027,0,Vesta
4028,0,Vesta
4029,0,Vesta
4030,0,Vesta
4031,0,Vesta
4032,0,Vesta
4033,0,Vesta
4034,0,Vesta
4035,0,Vesta
4036,0,Vesta
4037,0,Vesta
4038,0,Vesta
4039,0,Vesta
4040,0,Vesta
4041,0,Vesta
4042,0,Vesta
4043,0,Vesta
4044,0,Vesta
4045,0,Vesta
4046,0,Vesta
4047,0,Vesta
4048,0,Vesta
4049,0,Vesta
4050,0,Vesta
4051,0,Vesta
4052,0,Vesta
4053,0,Vesta
4054,0,Vesta
4055,0,Vesta
4056,0,Vesta
4057,0,Vesta
4058,0,Vesta
4059,0,Vesta
4060,0,Vesta
4061,0,Vesta
4062,0,Vesta
4063,0,Vesta
4064,0,Vesta
4065,0,Vesta
4066,0,Vesta
4067,0,Vesta
4068,0,Vesta
4069,0,Vesta
4070,0,Vesta
4071,0,Vesta
4072,0,Vesta
4073,0,Vesta
4074,0,Vesta
4075,0,Vesta
4076,0,Vesta
4077,0,Vesta
4078,0,Vesta
4079,0,Vesta
4080,0,Vesta
4081,0,Vesta
4082,0,Vesta
4083,0,Vesta
4084,0,Vesta
4085,0,Vesta
4086,0,Vesta
4087,0,Vesta
4088,0,Vesta
